file,line,column,type,code,message,docs,severity,link
plugin-update-checker/Puc/v5p5/Plugin/Ui.php,0,0,ERROR,missing_direct_file_access_protection,PHP file should prevent direct access. Add a check like: if ( ! defined( 'ABSPATH' ) ) exit;,https://developer.wordpress.org/plugins/wordpress-org/common-issues/#direct-file-access,6,http://localhost:10003/wp-admin/plugin-editor.php?plugin=bp-redirect%2Fbp-redirect.php&file=bp-redirect%2Fplugin-update-checker%2FPuc%2Fv5p5%2FPlugin%2FUi.php
plugin-update-checker/Puc/v5p5/Plugin/Ui.php,56,43,WARNING,WordPress.NamingConventions.PrefixAllGlobals.DynamicHooknameFound,Hook names invoked by a theme/plugin should start with the theme/plugin prefix. Found: &quot;$this-&gt;updateChecker-&gt;getUniqueName(&#039;view_details_link&#039;)&quot;.,,6,http://localhost:10003/wp-admin/plugin-editor.php?plugin=bp-redirect%2Fbp-redirect.php&file=bp-redirect%2Fplugin-update-checker%2FPuc%2Fv5p5%2FPlugin%2FUi.php&line=56
plugin-update-checker/Puc/v5p5/Plugin/Ui.php,68,37,WARNING,WordPress.NamingConventions.PrefixAllGlobals.DynamicHooknameFound,Hook names invoked by a theme/plugin should start with the theme/plugin prefix. Found: &quot;$this-&gt;updateChecker-&gt;getUniqueName(&#039;view_details_link_position&#039;)&quot;.,,6,http://localhost:10003/wp-admin/plugin-editor.php?plugin=bp-redirect%2Fbp-redirect.php&file=bp-redirect%2Fplugin-update-checker%2FPuc%2Fv5p5%2FPlugin%2FUi.php&line=68
plugin-update-checker/Puc/v5p5/Plugin/Ui.php,79,42,ERROR,WordPress.WP.I18n.MissingTranslatorsComment,"A function call to __() with texts containing placeholders was found, but was not accompanied by a ""translators:"" comment on the line above to clarify the meaning of the placeholders.",https://developer.wordpress.org/plugins/internationalization/how-to-internationalize-your-plugin/#descriptions,5,http://localhost:10003/wp-admin/plugin-editor.php?plugin=bp-redirect%2Fbp-redirect.php&file=bp-redirect%2Fplugin-update-checker%2FPuc%2Fv5p5%2FPlugin%2FUi.php&line=79
plugin-update-checker/Puc/v5p5/Plugin/Ui.php,129,21,WARNING,WordPress.NamingConventions.PrefixAllGlobals.DynamicHooknameFound,Hook names invoked by a theme/plugin should start with the theme/plugin prefix. Found: &quot;$this-&gt;updateChecker-&gt;getUniqueName(&#039;manual_check_link&#039;)&quot;.,,6,http://localhost:10003/wp-admin/plugin-editor.php?plugin=bp-redirect%2Fbp-redirect.php&file=bp-redirect%2Fplugin-update-checker%2FPuc%2Fv5p5%2FPlugin%2FUi.php&line=129
plugin-update-checker/Puc/v5p5/Plugin/Ui.php,190,17,WARNING,WordPress.Security.SafeRedirect.wp_redirect_wp_redirect,"wp_redirect() found. Using wp_safe_redirect(), along with the &quot;allowed_redirect_hosts&quot; filter if needed, can help avoid any chances of malicious redirects within code. It is also important to remember to call exit() after a redirect so that no other unwanted code is executed.",https://developer.wordpress.org/reference/functions/wp_safe_redirect/,5,http://localhost:10003/wp-admin/plugin-editor.php?plugin=bp-redirect%2Fbp-redirect.php&file=bp-redirect%2Fplugin-update-checker%2FPuc%2Fv5p5%2FPlugin%2FUi.php&line=190
plugin-update-checker/Puc/v5p5/Plugin/Ui.php,217,40,ERROR,WordPress.WP.I18n.MissingTranslatorsComment,"A function call to _x() with texts containing placeholders was found, but was not accompanied by a ""translators:"" comment on the line above to clarify the meaning of the placeholders.",https://developer.wordpress.org/plugins/internationalization/how-to-internationalize-your-plugin/#descriptions,5,http://localhost:10003/wp-admin/plugin-editor.php?plugin=bp-redirect%2Fbp-redirect.php&file=bp-redirect%2Fplugin-update-checker%2FPuc%2Fv5p5%2FPlugin%2FUi.php&line=217
plugin-update-checker/Puc/v5p5/Plugin/Ui.php,219,40,ERROR,WordPress.WP.I18n.MissingTranslatorsComment,"A function call to _x() with texts containing placeholders was found, but was not accompanied by a ""translators:"" comment on the line above to clarify the meaning of the placeholders.",https://developer.wordpress.org/plugins/internationalization/how-to-internationalize-your-plugin/#descriptions,5,http://localhost:10003/wp-admin/plugin-editor.php?plugin=bp-redirect%2Fbp-redirect.php&file=bp-redirect%2Fplugin-update-checker%2FPuc%2Fv5p5%2FPlugin%2FUi.php&line=219
plugin-update-checker/Puc/v5p5/Plugin/Ui.php,221,40,ERROR,WordPress.WP.I18n.MissingTranslatorsComment,"A function call to _x() with texts containing placeholders was found, but was not accompanied by a ""translators:"" comment on the line above to clarify the meaning of the placeholders.",https://developer.wordpress.org/plugins/internationalization/how-to-internationalize-your-plugin/#descriptions,5,http://localhost:10003/wp-admin/plugin-editor.php?plugin=bp-redirect%2Fbp-redirect.php&file=bp-redirect%2Fplugin-update-checker%2FPuc%2Fv5p5%2FPlugin%2FUi.php&line=221
plugin-update-checker/Puc/v5p5/Plugin/Ui.php,227,40,ERROR,WordPress.WP.I18n.MissingTranslatorsComment,"A function call to __() with texts containing placeholders was found, but was not accompanied by a ""translators:"" comment on the line above to clarify the meaning of the placeholders.",https://developer.wordpress.org/plugins/internationalization/how-to-internationalize-your-plugin/#descriptions,5,http://localhost:10003/wp-admin/plugin-editor.php?plugin=bp-redirect%2Fbp-redirect.php&file=bp-redirect%2Fplugin-update-checker%2FPuc%2Fv5p5%2FPlugin%2FUi.php&line=227
plugin-update-checker/Puc/v5p5/Plugin/Ui.php,235,21,WARNING,WordPress.NamingConventions.PrefixAllGlobals.DynamicHooknameFound,Hook names invoked by a theme/plugin should start with the theme/plugin prefix. Found: &quot;$this-&gt;updateChecker-&gt;getUniqueName(&#039;manual_check_message&#039;)&quot;.,,6,http://localhost:10003/wp-admin/plugin-editor.php?plugin=bp-redirect%2Fbp-redirect.php&file=bp-redirect%2Fplugin-update-checker%2FPuc%2Fv5p5%2FPlugin%2FUi.php&line=235
plugin-update-checker/Puc/v5p5/Plugin/Package.php,0,0,ERROR,plugin_updater_detected,Plugin Updater detected. These are not permitted in WordPress.org hosted plugins. Detected: site_transient_update_plugins,,9,http://localhost:10003/wp-admin/plugin-editor.php?plugin=bp-redirect%2Fbp-redirect.php&file=bp-redirect%2Fplugin-update-checker%2FPuc%2Fv5p5%2FPlugin%2FPackage.php
plugin-update-checker/Puc/v5p5/Plugin/Package.php,0,0,ERROR,missing_direct_file_access_protection,PHP file should prevent direct access. Add a check like: if ( ! defined( 'ABSPATH' ) ) exit;,https://developer.wordpress.org/plugins/wordpress-org/common-issues/#direct-file-access,6,http://localhost:10003/wp-admin/plugin-editor.php?plugin=bp-redirect%2Fbp-redirect.php&file=bp-redirect%2Fplugin-update-checker%2FPuc%2Fv5p5%2FPlugin%2FPackage.php
plugin-update-checker/Puc/v5p5/Plugin/Package.php,0,0,WARNING,update_modification_detected,Plugin Updater detected. Detected code which may be altering WordPress update routines. Detected: _site_transient_update_plugins,https://developer.wordpress.org/plugins/wordpress-org/common-issues/#update-checker,9,http://localhost:10003/wp-admin/plugin-editor.php?plugin=bp-redirect%2Fbp-redirect.php&file=bp-redirect%2Fplugin-update-checker%2FPuc%2Fv5p5%2FPlugin%2FPackage.php
plugin-update-checker/Puc/v5p5/Plugin/Package.php,124,26,WARNING,WordPress.WP.I18n.LowLevelTranslationFunction,Use of the &quot;translate()&quot; function is reserved for low-level API usage.,https://developer.wordpress.org/plugins/internationalization/how-to-internationalize-your-plugin/,5,http://localhost:10003/wp-admin/plugin-editor.php?plugin=bp-redirect%2Fbp-redirect.php&file=bp-redirect%2Fplugin-update-checker%2FPuc%2Fv5p5%2FPlugin%2FPackage.php&line=124
plugin-update-checker/Puc/v5p5/Plugin/Package.php,124,36,ERROR,WordPress.WP.I18n.NonSingularStringLiteralText,The $text parameter must be a single text string literal. Found: $header['Name'],https://developer.wordpress.org/plugins/internationalization/how-to-internationalize-your-plugin/#basic-strings,7,http://localhost:10003/wp-admin/plugin-editor.php?plugin=bp-redirect%2Fbp-redirect.php&file=bp-redirect%2Fplugin-update-checker%2FPuc%2Fv5p5%2FPlugin%2FPackage.php&line=124
plugin-update-checker/Puc/v5p5/Plugin/Package.php,124,53,ERROR,WordPress.WP.I18n.NonSingularStringLiteralDomain,The $domain parameter must be a single text string literal. Found: $header['TextDomain'],https://developer.wordpress.org/plugins/internationalization/how-to-internationalize-your-plugin/#basic-strings,7,http://localhost:10003/wp-admin/plugin-editor.php?plugin=bp-redirect%2Fbp-redirect.php&file=bp-redirect%2Fplugin-update-checker%2FPuc%2Fv5p5%2FPlugin%2FPackage.php&line=124
admin/wbcom/templates/wbcom-license-page.php,0,0,ERROR,missing_direct_file_access_protection,PHP file should prevent direct access. Add a check like: if ( ! defined( 'ABSPATH' ) ) exit;,https://developer.wordpress.org/plugins/wordpress-org/common-issues/#direct-file-access,6,http://localhost:10003/wp-admin/plugin-editor.php?plugin=bp-redirect%2Fbp-redirect.php&file=bp-redirect%2Fadmin%2Fwbcom%2Ftemplates%2Fwbcom-license-page.php
admin/wbcom/templates/wbcom-license-page.php,11,37,ERROR,WordPress.WP.I18n.MissingTranslatorsComment,"A function call to esc_html__() with texts containing placeholders was found, but was not accompanied by a ""translators:"" comment on the line above to clarify the meaning of the placeholders.",https://developer.wordpress.org/plugins/internationalization/how-to-internationalize-your-plugin/#descriptions,5,http://localhost:10003/wp-admin/plugin-editor.php?plugin=bp-redirect%2Fbp-redirect.php&file=bp-redirect%2Fadmin%2Fwbcom%2Ftemplates%2Fwbcom-license-page.php&line=11
admin/class-bp-redirect-admin.php,0,0,ERROR,missing_direct_file_access_protection,PHP file should prevent direct access. Add a check like: if ( ! defined( 'ABSPATH' ) ) exit;,https://developer.wordpress.org/plugins/wordpress-org/common-issues/#direct-file-access,6,http://localhost:10003/wp-admin/plugin-editor.php?plugin=bp-redirect%2Fbp-redirect.php&file=bp-redirect%2Fadmin%2Fclass-bp-redirect-admin.php
admin/class-bp-redirect-admin.php,155,49,ERROR,WordPress.WP.I18n.MissingTranslatorsComment,"A function call to esc_html__() with texts containing placeholders was found, but was not accompanied by a ""translators:"" comment on the line above to clarify the meaning of the placeholders.",https://developer.wordpress.org/plugins/internationalization/how-to-internationalize-your-plugin/#descriptions,5,http://localhost:10003/wp-admin/plugin-editor.php?plugin=bp-redirect%2Fbp-redirect.php&file=bp-redirect%2Fadmin%2Fclass-bp-redirect-admin.php&line=155
admin/class-bp-redirect-admin.php,185,208,ERROR,WordPress.WP.I18n.NonSingularStringLiteralText,The $text parameter must be a single text string literal. Found: $tab_caption,https://developer.wordpress.org/plugins/internationalization/how-to-internationalize-your-plugin/#basic-strings,7,http://localhost:10003/wp-admin/plugin-editor.php?plugin=bp-redirect%2Fbp-redirect.php&file=bp-redirect%2Fadmin%2Fclass-bp-redirect-admin.php&line=185
admin/class-bp-redirect-admin.php,206,3,ERROR,PluginCheck.CodeAnalysis.SettingSanitization.register_settingMissing,Sanitization missing for register_setting().,https://developer.wordpress.org/reference/functions/register_setting/,7,http://localhost:10003/wp-admin/plugin-editor.php?plugin=bp-redirect%2Fbp-redirect.php&file=bp-redirect%2Fadmin%2Fclass-bp-redirect-admin.php&line=206
admin/class-bp-redirect-admin.php,211,4,ERROR,PluginCheck.CodeAnalysis.SettingSanitization.register_settingMissing,Sanitization missing for register_setting().,https://developer.wordpress.org/reference/functions/register_setting/,7,http://localhost:10003/wp-admin/plugin-editor.php?plugin=bp-redirect%2Fbp-redirect.php&file=bp-redirect%2Fadmin%2Fclass-bp-redirect-admin.php&line=211
admin/class-bp-redirect-admin.php,216,3,ERROR,PluginCheck.CodeAnalysis.SettingSanitization.register_settingMissing,Sanitization missing for register_setting().,https://developer.wordpress.org/reference/functions/register_setting/,7,http://localhost:10003/wp-admin/plugin-editor.php?plugin=bp-redirect%2Fbp-redirect.php&file=bp-redirect%2Fadmin%2Fclass-bp-redirect-admin.php&line=216
admin/class-bp-redirect-admin.php,318,42,WARNING,WordPress.NamingConventions.PrefixAllGlobals.NonPrefixedHooknameFound,Hook names invoked by a theme/plugin should start with the theme/plugin prefix. Found: &quot;editable_roles&quot;.,,6,http://localhost:10003/wp-admin/plugin-editor.php?plugin=bp-redirect%2Fbp-redirect.php&file=bp-redirect%2Fadmin%2Fclass-bp-redirect-admin.php&line=318
admin/class-bp-redirect-admin.php,334,25,WARNING,WordPress.DB.DirectDatabaseQuery.DirectQuery,Use of a direct database call is discouraged.,,5,http://localhost:10003/wp-admin/plugin-editor.php?plugin=bp-redirect%2Fbp-redirect.php&file=bp-redirect%2Fadmin%2Fclass-bp-redirect-admin.php&line=334
admin/class-bp-redirect-admin.php,358,51,ERROR,WordPress.WP.I18n.NonSingularStringLiteralText,The $text parameter must be a single text string literal. Found: $roles[ $key ]['name'],https://developer.wordpress.org/plugins/internationalization/how-to-internationalize-your-plugin/#basic-strings,7,http://localhost:10003/wp-admin/plugin-editor.php?plugin=bp-redirect%2Fbp-redirect.php&file=bp-redirect%2Fadmin%2Fclass-bp-redirect-admin.php&line=358
admin/class-bp-redirect-admin.php,386,51,ERROR,WordPress.WP.I18n.NonSingularStringLiteralText,The $text parameter must be a single text string literal. Found: $roles[ $key ]['name'],https://developer.wordpress.org/plugins/internationalization/how-to-internationalize-your-plugin/#basic-strings,7,http://localhost:10003/wp-admin/plugin-editor.php?plugin=bp-redirect%2Fbp-redirect.php&file=bp-redirect%2Fadmin%2Fclass-bp-redirect-admin.php&line=386
admin/class-bp-redirect-admin.php,703,75,WARNING,WordPress.NamingConventions.PrefixAllGlobals.NonPrefixedHooknameFound,Hook names invoked by a theme/plugin should start with the theme/plugin prefix. Found: &quot;active_plugins&quot;.,,6,http://localhost:10003/wp-admin/plugin-editor.php?plugin=bp-redirect%2Fbp-redirect.php&file=bp-redirect%2Fadmin%2Fclass-bp-redirect-admin.php&line=703
admin/class-bp-redirect-admin.php,844,72,ERROR,WordPress.WP.I18n.NonSingularStringLiteralText,The $text parameter must be a single text string literal. Found: get_the_title( $wp_page_id ),https://developer.wordpress.org/plugins/internationalization/how-to-internationalize-your-plugin/#basic-strings,7,http://localhost:10003/wp-admin/plugin-editor.php?plugin=bp-redirect%2Fbp-redirect.php&file=bp-redirect%2Fadmin%2Fclass-bp-redirect-admin.php&line=844
plugin-update-checker/Puc/v5p5/Vcs/BitBucketApi.php,32,93,ERROR,WordPress.Security.EscapeOutput.ExceptionNotEscaped,"All output should be run through an escaping function (see the Security sections in the WordPress Developer Handbooks), found '$repositoryUrl'.",https://developer.wordpress.org/apis/security/escaping/,5,http://localhost:10003/wp-admin/plugin-editor.php?plugin=bp-redirect%2Fbp-redirect.php&file=bp-redirect%2Fplugin-update-checker%2FPuc%2Fv5p5%2FVcs%2FBitBucketApi.php&line=32
plugin-update-checker/Puc/v5p5/Vcs/BitBucketApi.php,215,42,WARNING,WordPress.NamingConventions.PrefixAllGlobals.DynamicHooknameFound,Hook names invoked by a theme/plugin should start with the theme/plugin prefix. Found: &quot;$this-&gt;httpFilterName&quot;.,,6,http://localhost:10003/wp-admin/plugin-editor.php?plugin=bp-redirect%2Fbp-redirect.php&file=bp-redirect%2Fplugin-update-checker%2FPuc%2Fv5p5%2FVcs%2FBitBucketApi.php&line=215
plugin-update-checker/Puc/v5p5/Vcs/BitBucketApi.php,219,27,WARNING,WordPress.NamingConventions.PrefixAllGlobals.NonPrefixedHooknameFound,Hook names invoked by a theme/plugin should start with the theme/plugin prefix. Found: &quot;puc_api_error&quot;.,,6,http://localhost:10003/wp-admin/plugin-editor.php?plugin=bp-redirect%2Fbp-redirect.php&file=bp-redirect%2Fplugin-update-checker%2FPuc%2Fv5p5%2FVcs%2FBitBucketApi.php&line=219
plugin-update-checker/Puc/v5p5/Vcs/BitBucketApi.php,240,23,WARNING,WordPress.NamingConventions.PrefixAllGlobals.NonPrefixedHooknameFound,Hook names invoked by a theme/plugin should start with the theme/plugin prefix. Found: &quot;puc_api_error&quot;.,,6,http://localhost:10003/wp-admin/plugin-editor.php?plugin=bp-redirect%2Fbp-redirect.php&file=bp-redirect%2Fplugin-update-checker%2FPuc%2Fv5p5%2FVcs%2FBitBucketApi.php&line=240
plugin-update-checker/Puc/v5p5/Vcs/GitLabApi.php,63,98,ERROR,WordPress.Security.EscapeOutput.ExceptionNotEscaped,"All output should be run through an escaping function (see the Security sections in the WordPress Developer Handbooks), found '$repositoryUrl'.",https://developer.wordpress.org/apis/security/escaping/,5,http://localhost:10003/wp-admin/plugin-editor.php?plugin=bp-redirect%2Fbp-redirect.php&file=bp-redirect%2Fplugin-update-checker%2FPuc%2Fv5p5%2FVcs%2FGitLabApi.php&line=63
plugin-update-checker/Puc/v5p5/Vcs/GitLabApi.php,80,94,ERROR,WordPress.Security.EscapeOutput.ExceptionNotEscaped,"All output should be run through an escaping function (see the Security sections in the WordPress Developer Handbooks), found '$repositoryUrl'.",https://developer.wordpress.org/apis/security/escaping/,5,http://localhost:10003/wp-admin/plugin-editor.php?plugin=bp-redirect%2Fbp-redirect.php&file=bp-redirect%2Fplugin-update-checker%2FPuc%2Fv5p5%2FVcs%2FGitLabApi.php&line=80
plugin-update-checker/Puc/v5p5/Vcs/GitLabApi.php,265,42,WARNING,WordPress.NamingConventions.PrefixAllGlobals.DynamicHooknameFound,Hook names invoked by a theme/plugin should start with the theme/plugin prefix. Found: &quot;$this-&gt;httpFilterName&quot;.,,6,http://localhost:10003/wp-admin/plugin-editor.php?plugin=bp-redirect%2Fbp-redirect.php&file=bp-redirect%2Fplugin-update-checker%2FPuc%2Fv5p5%2FVcs%2FGitLabApi.php&line=265
plugin-update-checker/Puc/v5p5/Vcs/GitLabApi.php,270,27,WARNING,WordPress.NamingConventions.PrefixAllGlobals.NonPrefixedHooknameFound,Hook names invoked by a theme/plugin should start with the theme/plugin prefix. Found: &quot;puc_api_error&quot;.,,6,http://localhost:10003/wp-admin/plugin-editor.php?plugin=bp-redirect%2Fbp-redirect.php&file=bp-redirect%2Fplugin-update-checker%2FPuc%2Fv5p5%2FVcs%2FGitLabApi.php&line=270
plugin-update-checker/Puc/v5p5/Vcs/GitLabApi.php,284,23,WARNING,WordPress.NamingConventions.PrefixAllGlobals.NonPrefixedHooknameFound,Hook names invoked by a theme/plugin should start with the theme/plugin prefix. Found: &quot;puc_api_error&quot;.,,6,http://localhost:10003/wp-admin/plugin-editor.php?plugin=bp-redirect%2Fbp-redirect.php&file=bp-redirect%2Fplugin-update-checker%2FPuc%2Fv5p5%2FVcs%2FGitLabApi.php&line=284
plugin-update-checker/Puc/v5p5/Vcs/ReleaseFilteringFeature.php,41,21,ERROR,WordPress.Security.EscapeOutput.ExceptionNotEscaped,"All output should be run through an escaping function (see the Security sections in the WordPress Developer Handbooks), found '$maxReleases'.",https://developer.wordpress.org/apis/security/escaping/,5,http://localhost:10003/wp-admin/plugin-editor.php?plugin=bp-redirect%2Fbp-redirect.php&file=bp-redirect%2Fplugin-update-checker%2FPuc%2Fv5p5%2FVcs%2FReleaseFilteringFeature.php&line=41
plugin-update-checker/Puc/v5p5/Vcs/ReleaseFilteringFeature.php,46,21,ERROR,WordPress.Security.EscapeOutput.ExceptionNotEscaped,"All output should be run through an escaping function (see the Security sections in the WordPress Developer Handbooks), found '$maxReleases'.",https://developer.wordpress.org/apis/security/escaping/,5,http://localhost:10003/wp-admin/plugin-editor.php?plugin=bp-redirect%2Fbp-redirect.php&file=bp-redirect%2Fplugin-update-checker%2FPuc%2Fv5p5%2FVcs%2FReleaseFilteringFeature.php&line=46
plugin-update-checker/Puc/v5p5/Vcs/GitHubApi.php,0,0,ERROR,missing_direct_file_access_protection,PHP file should prevent direct access. Add a check like: if ( ! defined( 'ABSPATH' ) ) exit;,https://developer.wordpress.org/plugins/wordpress-org/common-issues/#direct-file-access,6,http://localhost:10003/wp-admin/plugin-editor.php?plugin=bp-redirect%2Fbp-redirect.php&file=bp-redirect%2Fplugin-update-checker%2FPuc%2Fv5p5%2FVcs%2FGitHubApi.php
plugin-update-checker/Puc/v5p5/Vcs/GitHubApi.php,43,90,ERROR,WordPress.Security.EscapeOutput.ExceptionNotEscaped,"All output should be run through an escaping function (see the Security sections in the WordPress Developer Handbooks), found '$repositoryUrl'.",https://developer.wordpress.org/apis/security/escaping/,5,http://localhost:10003/wp-admin/plugin-editor.php?plugin=bp-redirect%2Fbp-redirect.php&file=bp-redirect%2Fplugin-update-checker%2FPuc%2Fv5p5%2FVcs%2FGitHubApi.php&line=43
plugin-update-checker/Puc/v5p5/Vcs/GitHubApi.php,257,42,WARNING,WordPress.NamingConventions.PrefixAllGlobals.DynamicHooknameFound,Hook names invoked by a theme/plugin should start with the theme/plugin prefix. Found: &quot;$this-&gt;httpFilterName&quot;.,,6,http://localhost:10003/wp-admin/plugin-editor.php?plugin=bp-redirect%2Fbp-redirect.php&file=bp-redirect%2Fplugin-update-checker%2FPuc%2Fv5p5%2FVcs%2FGitHubApi.php&line=257
plugin-update-checker/Puc/v5p5/Vcs/GitHubApi.php,261,27,WARNING,WordPress.NamingConventions.PrefixAllGlobals.NonPrefixedHooknameFound,Hook names invoked by a theme/plugin should start with the theme/plugin prefix. Found: &quot;puc_api_error&quot;.,,6,http://localhost:10003/wp-admin/plugin-editor.php?plugin=bp-redirect%2Fbp-redirect.php&file=bp-redirect%2Fplugin-update-checker%2FPuc%2Fv5p5%2FVcs%2FGitHubApi.php&line=261
plugin-update-checker/Puc/v5p5/Vcs/GitHubApi.php,276,23,WARNING,WordPress.NamingConventions.PrefixAllGlobals.NonPrefixedHooknameFound,Hook names invoked by a theme/plugin should start with the theme/plugin prefix. Found: &quot;puc_api_error&quot;.,,6,http://localhost:10003/wp-admin/plugin-editor.php?plugin=bp-redirect%2Fbp-redirect.php&file=bp-redirect%2Fplugin-update-checker%2FPuc%2Fv5p5%2FVcs%2FGitHubApi.php&line=276
plugin-update-checker/Puc/v5p5/PucFactory.php,89,21,ERROR,WordPress.Security.EscapeOutput.ExceptionNotEscaped,"All output should be run through an escaping function (see the Security sections in the WordPress Developer Handbooks), found 'htmlentities'.",https://developer.wordpress.org/apis/security/escaping/,5,http://localhost:10003/wp-admin/plugin-editor.php?plugin=bp-redirect%2Fbp-redirect.php&file=bp-redirect%2Fplugin-update-checker%2FPuc%2Fv5p5%2FPucFactory.php&line=89
plugin-update-checker/Puc/v5p5/PucFactory.php,231,39,WARNING,WordPress.NamingConventions.PrefixAllGlobals.NonPrefixedHooknameFound,Hook names invoked by a theme/plugin should start with the theme/plugin prefix. Found: &quot;puc_get_source_uri&quot;.,,6,http://localhost:10003/wp-admin/plugin-editor.php?plugin=bp-redirect%2Fbp-redirect.php&file=bp-redirect%2Fplugin-update-checker%2FPuc%2Fv5p5%2FPucFactory.php&line=231
plugin-update-checker/Puc/v5p5/PucFactory.php,242,67,ERROR,WordPress.Security.EscapeOutput.ExceptionNotEscaped,"All output should be run through an escaping function (see the Security sections in the WordPress Developer Handbooks), found 'htmlentities'.",https://developer.wordpress.org/apis/security/escaping/,5,http://localhost:10003/wp-admin/plugin-editor.php?plugin=bp-redirect%2Fbp-redirect.php&file=bp-redirect%2Fplugin-update-checker%2FPuc%2Fv5p5%2FPucFactory.php&line=242
plugin-update-checker/Puc/v5p5/PucFactory.php,276,34,WARNING,WordPress.NamingConventions.PrefixAllGlobals.NonPrefixedHooknameFound,Hook names invoked by a theme/plugin should start with the theme/plugin prefix. Found: &quot;puc_get_vcs_service&quot;.,,6,http://localhost:10003/wp-admin/plugin-editor.php?plugin=bp-redirect%2Fbp-redirect.php&file=bp-redirect%2Fplugin-update-checker%2FPuc%2Fv5p5%2FPucFactory.php&line=276
plugin-update-checker/plugin-update-checker.php,0,0,ERROR,plugin_updater_detected,Plugin Updater detected. These are not permitted in WordPress.org hosted plugins. Detected: plugin-update-checker.php,https://developer.wordpress.org/plugins/wordpress-org/common-issues/#update-checker,9,http://localhost:10003/wp-admin/plugin-editor.php?plugin=bp-redirect%2Fbp-redirect.php&file=bp-redirect%2Fplugin-update-checker%2Fplugin-update-checker.php
plugin-update-checker/plugin-update-checker.php,0,0,ERROR,missing_direct_file_access_protection,PHP file should prevent direct access. Add a check like: if ( ! defined( 'ABSPATH' ) ) exit;,https://developer.wordpress.org/plugins/wordpress-org/common-issues/#direct-file-access,6,http://localhost:10003/wp-admin/plugin-editor.php?plugin=bp-redirect%2Fbp-redirect.php&file=bp-redirect%2Fplugin-update-checker%2Fplugin-update-checker.php
includes/class-bp-redirect-i18n.php,36,3,ERROR,PluginCheck.CodeAnalysis.DiscouragedFunctions.load_plugin_textdomainFound,"load_plugin_textdomain() has been discouraged since WordPress version 4.6. When your plugin is hosted on WordPress.org, you no longer need to manually include this function call for translations under your plugin slug. WordPress will automatically load the translations for you as needed.",https://make.wordpress.org/core/2016/07/06/i18n-improvements-in-4-6/,7,http://localhost:10003/wp-admin/plugin-editor.php?plugin=bp-redirect%2Fbp-redirect.php&file=bp-redirect%2Fincludes%2Fclass-bp-redirect-i18n.php&line=36
readme.txt,0,0,ERROR,outdated_tested_upto_header,"Tested up to: 6.5 < 6.9. The ""Tested up to"" value in your plugin is not set to the current version of WordPress. This means your plugin will not show up in searches, as we require plugins to be compatible and documented as tested up to the most recent version of WordPress.",https://developer.wordpress.org/plugins/wordpress-org/how-your-readme-txt-works/#readme-header-information,7,http://localhost:10003/wp-admin/plugin-editor.php?plugin=bp-redirect%2Fbp-redirect.php&file=bp-redirect%2Freadme.txt
readme.txt,0,0,WARNING,readme_parser_warnings_no_short_description_present,The "Short Description" section is missing. An excerpt was generated from your main plugin description.,,5,http://localhost:10003/wp-admin/plugin-editor.php?plugin=bp-redirect%2Fbp-redirect.php&file=bp-redirect%2Freadme.txt
admin/wbcom/class-wbcom-admin-settings.php,140,17,WARNING,WordPress.WP.EnqueuedResourceParameters.MissingVersion,Resource version not set in call to wp_enqueue_style(). This means new versions of the style may not always be loaded due to browser caching.,,5,http://localhost:10003/wp-admin/plugin-editor.php?plugin=bp-redirect%2Fbp-redirect.php&file=bp-redirect%2Fadmin%2Fwbcom%2Fclass-wbcom-admin-settings.php&line=140
admin/wbcom/class-wbcom-admin-settings.php,140,39,ERROR,PluginCheck.CodeAnalysis.EnqueuedResourceOffloading.OffloadedContent,Found call to wp_enqueue_style() with external resource. Offloading styles to your servers or any remote service is disallowed.,,5,http://localhost:10003/wp-admin/plugin-editor.php?plugin=bp-redirect%2Fbp-redirect.php&file=bp-redirect%2Fadmin%2Fwbcom%2Fclass-wbcom-admin-settings.php&line=140
admin/wbcom/class-wbcom-admin-settings.php,175,21,WARNING,WordPress.WP.EnqueuedResourceParameters.MissingVersion,Resource version not set in call to wp_register_style(). This means new versions of the style may not always be loaded due to browser caching.,,5,http://localhost:10003/wp-admin/plugin-editor.php?plugin=bp-redirect%2Fbp-redirect.php&file=bp-redirect%2Fadmin%2Fwbcom%2Fclass-wbcom-admin-settings.php&line=175
admin/wbcom/class-wbcom-admin-settings.php,300,5,WARNING,WordPress.NamingConventions.PrefixAllGlobals.NonPrefixedFunctionFound,Functions declared in the global namespace by a theme/plugin should start with the theme/plugin prefix. Found: &quot;instantiate_wbcom_plugin_manager&quot;.,,6,http://localhost:10003/wp-admin/plugin-editor.php?plugin=bp-redirect%2Fbp-redirect.php&file=bp-redirect%2Fadmin%2Fwbcom%2Fclass-wbcom-admin-settings.php&line=300
plugin-update-checker/Puc/v5p5/UpdateChecker.php,0,0,ERROR,missing_direct_file_access_protection,PHP file should prevent direct access. Add a check like: if ( ! defined( 'ABSPATH' ) ) exit;,https://developer.wordpress.org/plugins/wordpress-org/common-issues/#direct-file-access,6,http://localhost:10003/wp-admin/plugin-editor.php?plugin=bp-redirect%2Fbp-redirect.php&file=bp-redirect%2Fplugin-update-checker%2FPuc%2Fv5p5%2FUpdateChecker.php
plugin-update-checker/Puc/v5p5/UpdateChecker.php,138,17,WARNING,WordPress.NamingConventions.PrefixAllGlobals.NonPrefixedHooknameFound,Hook names invoked by a theme/plugin should start with the theme/plugin prefix. Found: &quot;plugin_locale&quot;.,,6,http://localhost:10003/wp-admin/plugin-editor.php?plugin=bp-redirect%2Fbp-redirect.php&file=bp-redirect%2Fplugin-update-checker%2FPuc%2Fv5p5%2FUpdateChecker.php&line=138
plugin-update-checker/Puc/v5p5/UpdateChecker.php,297,17,WARNING,WordPress.NamingConventions.PrefixAllGlobals.DynamicHooknameFound,Hook names invoked by a theme/plugin should start with the theme/plugin prefix. Found: &quot;$this-&gt;getUniqueName(&#039;remove_from_default_update_checks&#039;)&quot;.,,6,http://localhost:10003/wp-admin/plugin-editor.php?plugin=bp-redirect%2Fbp-redirect.php&file=bp-redirect%2Fplugin-update-checker%2FPuc%2Fv5p5%2FUpdateChecker.php&line=297
plugin-update-checker/Puc/v5p5/UpdateChecker.php,441,37,WARNING,WordPress.NamingConventions.PrefixAllGlobals.DynamicHooknameFound,Hook names invoked by a theme/plugin should start with the theme/plugin prefix. Found: &quot;$this-&gt;getUniqueName(&#039;request_update_result&#039;)&quot;.,,6,http://localhost:10003/wp-admin/plugin-editor.php?plugin=bp-redirect%2Fbp-redirect.php&file=bp-redirect%2Fplugin-update-checker%2FPuc%2Fv5p5%2FUpdateChecker.php&line=441
plugin-update-checker/Puc/v5p5/UpdateChecker.php,634,41,WARNING,WordPress.NamingConventions.PrefixAllGlobals.DynamicHooknameFound,Hook names invoked by a theme/plugin should start with the theme/plugin prefix. Found: &quot;$this-&gt;getUniqueName(&#039;pre_inject_update&#039;)&quot;.,,6,http://localhost:10003/wp-admin/plugin-editor.php?plugin=bp-redirect%2Fbp-redirect.php&file=bp-redirect%2Fplugin-update-checker%2FPuc%2Fv5p5%2FUpdateChecker.php&line=634
plugin-update-checker/Puc/v5p5/UpdateChecker.php,756,40,WARNING,WordPress.NamingConventions.PrefixAllGlobals.DynamicHooknameFound,Hook names invoked by a theme/plugin should start with the theme/plugin prefix. Found: &quot;$this-&gt;getUniqueName($filterRoot . &#039;_query_args&#039;)&quot;.,,6,http://localhost:10003/wp-admin/plugin-editor.php?plugin=bp-redirect%2Fbp-redirect.php&file=bp-redirect%2Fplugin-update-checker%2FPuc%2Fv5p5%2FUpdateChecker.php&line=756
plugin-update-checker/Puc/v5p5/UpdateChecker.php,765,38,WARNING,WordPress.NamingConventions.PrefixAllGlobals.DynamicHooknameFound,Hook names invoked by a theme/plugin should start with the theme/plugin prefix. Found: &quot;$this-&gt;getUniqueName($filterRoot . &#039;_options&#039;)&quot;.,,6,http://localhost:10003/wp-admin/plugin-editor.php?plugin=bp-redirect%2Fbp-redirect.php&file=bp-redirect%2Fplugin-update-checker%2FPuc%2Fv5p5%2FUpdateChecker.php&line=765
plugin-update-checker/Puc/v5p5/UpdateChecker.php,775,37,WARNING,WordPress.NamingConventions.PrefixAllGlobals.DynamicHooknameFound,Hook names invoked by a theme/plugin should start with the theme/plugin prefix. Found: &quot;$this-&gt;getUniqueName(&#039;request_metadata_http_result&#039;)&quot;.,,6,http://localhost:10003/wp-admin/plugin-editor.php?plugin=bp-redirect%2Fbp-redirect.php&file=bp-redirect%2Fplugin-update-checker%2FPuc%2Fv5p5%2FUpdateChecker.php&line=775
plugin-update-checker/Puc/v5p5/UpdateChecker.php,786,27,WARNING,WordPress.NamingConventions.PrefixAllGlobals.NonPrefixedHooknameFound,Hook names invoked by a theme/plugin should start with the theme/plugin prefix. Found: &quot;puc_api_error&quot;.,,6,http://localhost:10003/wp-admin/plugin-editor.php?plugin=bp-redirect%2Fbp-redirect.php&file=bp-redirect%2Fplugin-update-checker%2FPuc%2Fv5p5%2FUpdateChecker.php&line=786
plugin-update-checker/Puc/v5p5/DebugBar/Extension.php,0,0,ERROR,missing_direct_file_access_protection,PHP file should prevent direct access. Add a check like: if ( ! defined( 'ABSPATH' ) ) exit;,https://developer.wordpress.org/plugins/wordpress-org/common-issues/#direct-file-access,6,http://localhost:10003/wp-admin/plugin-editor.php?plugin=bp-redirect%2Fbp-redirect.php&file=bp-redirect%2Fplugin-update-checker%2FPuc%2Fv5p5%2FDebugBar%2FExtension.php
plugin-update-checker/Puc/v5p5/DebugBar/Extension.php,56,13,WARNING,WordPress.WP.EnqueuedResourceParameters.NotInFooter,"In footer ($in_footer) is not set explicitly wp_enqueue_script; It is recommended to load scripts in the footer. Please set this value to `true` to load it in the footer, or explicitly `false` if it should be loaded in the header.",,5,http://localhost:10003/wp-admin/plugin-editor.php?plugin=bp-redirect%2Fbp-redirect.php&file=bp-redirect%2Fplugin-update-checker%2FPuc%2Fv5p5%2FDebugBar%2FExtension.php&line=56
plugin-update-checker/Puc/v5p5/DebugBar/PluginExtension.php,0,0,ERROR,missing_direct_file_access_protection,PHP file should prevent direct access. Add a check like: if ( ! defined( 'ABSPATH' ) ) exit;,https://developer.wordpress.org/plugins/wordpress-org/common-issues/#direct-file-access,6,http://localhost:10003/wp-admin/plugin-editor.php?plugin=bp-redirect%2Fbp-redirect.php&file=bp-redirect%2Fplugin-update-checker%2FPuc%2Fv5p5%2FDebugBar%2FPluginExtension.php
plugin-update-checker/Puc/v5p5/Scheduler.php,0,0,ERROR,missing_direct_file_access_protection,PHP file should prevent direct access. Add a check like: if ( ! defined( 'ABSPATH' ) ) exit;,https://developer.wordpress.org/plugins/wordpress-org/common-issues/#direct-file-access,6,http://localhost:10003/wp-admin/plugin-editor.php?plugin=bp-redirect%2Fbp-redirect.php&file=bp-redirect%2Fplugin-update-checker%2FPuc%2Fv5p5%2FScheduler.php
plugin-update-checker/Puc/v5p5/Scheduler.php,69,25,WARNING,WordPress.NamingConventions.PrefixAllGlobals.DynamicHooknameFound,Hook names invoked by a theme/plugin should start with the theme/plugin prefix. Found: &quot;$this-&gt;updateChecker-&gt;getUniqueName(&#039;first_check_time&#039;)&quot;.,,6,http://localhost:10003/wp-admin/plugin-editor.php?plugin=bp-redirect%2Fbp-redirect.php&file=bp-redirect%2Fplugin-update-checker%2FPuc%2Fv5p5%2FScheduler.php&line=69
plugin-update-checker/Puc/v5p5/Scheduler.php,207,17,WARNING,WordPress.NamingConventions.PrefixAllGlobals.DynamicHooknameFound,Hook names invoked by a theme/plugin should start with the theme/plugin prefix. Found: &quot;$this-&gt;updateChecker-&gt;getUniqueName(&#039;check_now&#039;)&quot;.,,6,http://localhost:10003/wp-admin/plugin-editor.php?plugin=bp-redirect%2Fbp-redirect.php&file=bp-redirect%2Fplugin-update-checker%2FPuc%2Fv5p5%2FScheduler.php&line=207
plugin-update-checker/Puc/v5p5/Plugin/UpdateChecker.php,0,0,ERROR,missing_direct_file_access_protection,PHP file should prevent direct access. Add a check like: if ( ! defined( 'ABSPATH' ) ) exit;,https://developer.wordpress.org/plugins/wordpress-org/common-issues/#direct-file-access,6,http://localhost:10003/wp-admin/plugin-editor.php?plugin=bp-redirect%2Fbp-redirect.php&file=bp-redirect%2Fplugin-update-checker%2FPuc%2Fv5p5%2FPlugin%2FUpdateChecker.php
plugin-update-checker/Puc/v5p5/Plugin/UpdateChecker.php,56,41,WARNING,WordPress.NamingConventions.PrefixAllGlobals.DynamicHooknameFound,Hook names invoked by a theme/plugin should start with the theme/plugin prefix. Found: &quot;$slugCheckFilter&quot;.,,6,http://localhost:10003/wp-admin/plugin-editor.php?plugin=bp-redirect%2Fbp-redirect.php&file=bp-redirect%2Fplugin-update-checker%2FPuc%2Fv5p5%2FPlugin%2FUpdateChecker.php&line=56
plugin-update-checker/Puc/v5p5/Plugin/UpdateChecker.php,149,41,WARNING,WordPress.NamingConventions.PrefixAllGlobals.DynamicHooknameFound,Hook names invoked by a theme/plugin should start with the theme/plugin prefix. Found: &quot;$this-&gt;getUniqueName(&#039;request_info_result&#039;)&quot;.,,6,http://localhost:10003/wp-admin/plugin-editor.php?plugin=bp-redirect%2Fbp-redirect.php&file=bp-redirect%2Fplugin-update-checker%2FPuc%2Fv5p5%2FPlugin%2FUpdateChecker.php&line=149
plugin-update-checker/Puc/v5p5/Plugin/UpdateChecker.php,196,41,WARNING,WordPress.NamingConventions.PrefixAllGlobals.DynamicHooknameFound,Hook names invoked by a theme/plugin should start with the theme/plugin prefix. Found: &quot;$this-&gt;getUniqueName(&#039;pre_inject_info&#039;)&quot;.,,6,http://localhost:10003/wp-admin/plugin-editor.php?plugin=bp-redirect%2Fbp-redirect.php&file=bp-redirect%2Fplugin-update-checker%2FPuc%2Fv5p5%2FPlugin%2FUpdateChecker.php&line=196
plugin-update-checker/Puc/v5p5/UpgraderStatus.php,0,0,ERROR,missing_direct_file_access_protection,PHP file should prevent direct access. Add a check like: if ( ! defined( 'ABSPATH' ) ) exit;,https://developer.wordpress.org/plugins/wordpress-org/common-issues/#direct-file-access,6,http://localhost:10003/wp-admin/plugin-editor.php?plugin=bp-redirect%2Fbp-redirect.php&file=bp-redirect%2Fplugin-update-checker%2FPuc%2Fv5p5%2FUpgraderStatus.php
plugin-update-checker/load-v5p5.php,0,0,ERROR,missing_direct_file_access_protection,PHP file should prevent direct access. Add a check like: if ( ! defined( 'ABSPATH' ) ) exit;,https://developer.wordpress.org/plugins/wordpress-org/common-issues/#direct-file-access,6,http://localhost:10003/wp-admin/plugin-editor.php?plugin=bp-redirect%2Fbp-redirect.php&file=bp-redirect%2Fplugin-update-checker%2Fload-v5p5.php
plugin-update-checker/load-v5p5.php,27,8,WARNING,WordPress.NamingConventions.PrefixAllGlobals.NonPrefixedVariableFound,Global variables defined by a theme/plugin should start with the theme/plugin prefix. Found: &quot;$pucGeneralClass&quot;.,,6,http://localhost:10003/wp-admin/plugin-editor.php?plugin=bp-redirect%2Fbp-redirect.php&file=bp-redirect%2Fplugin-update-checker%2Fload-v5p5.php&line=27
plugin-update-checker/load-v5p5.php,27,28,WARNING,WordPress.NamingConventions.PrefixAllGlobals.NonPrefixedVariableFound,Global variables defined by a theme/plugin should start with the theme/plugin prefix. Found: &quot;$pucVersionedClass&quot;.,,6,http://localhost:10003/wp-admin/plugin-editor.php?plugin=bp-redirect%2Fbp-redirect.php&file=bp-redirect%2Fplugin-update-checker%2Fload-v5p5.php&line=27
admin/wbcom/templates/wbcom-plugins-page.php,0,0,ERROR,missing_direct_file_access_protection,PHP file should prevent direct access. Add a check like: if ( ! defined( 'ABSPATH' ) ) exit;,https://developer.wordpress.org/plugins/wordpress-org/common-issues/#direct-file-access,6,http://localhost:10003/wp-admin/plugin-editor.php?plugin=bp-redirect%2Fbp-redirect.php&file=bp-redirect%2Fadmin%2Fwbcom%2Ftemplates%2Fwbcom-plugins-page.php
admin/wbcom/templates/wbcom-support-page.php,0,0,ERROR,missing_direct_file_access_protection,PHP file should prevent direct access. Add a check like: if ( ! defined( 'ABSPATH' ) ) exit;,https://developer.wordpress.org/plugins/wordpress-org/common-issues/#direct-file-access,6,http://localhost:10003/wp-admin/plugin-editor.php?plugin=bp-redirect%2Fbp-redirect.php&file=bp-redirect%2Fadmin%2Fwbcom%2Ftemplates%2Fwbcom-support-page.php
includes/bp-redirect-functions.php,0,0,ERROR,missing_direct_file_access_protection,PHP file should prevent direct access. Add a check like: if ( ! defined( 'ABSPATH' ) ) exit;,https://developer.wordpress.org/plugins/wordpress-org/common-issues/#direct-file-access,6,http://localhost:10003/wp-admin/plugin-editor.php?plugin=bp-redirect%2Fbp-redirect.php&file=bp-redirect%2Fincludes%2Fbp-redirect-functions.php
includes/bp-redirect-functions.php,7,1,WARNING,WordPress.NamingConventions.PrefixAllGlobals.NonPrefixedFunctionFound,Functions declared in the global namespace by a theme/plugin should start with the theme/plugin prefix. Found: &quot;bp_redirect_update_member_type_data_on_new_key&quot;.,,6,http://localhost:10003/wp-admin/plugin-editor.php?plugin=bp-redirect%2Fbp-redirect.php&file=bp-redirect%2Fincludes%2Fbp-redirect-functions.php&line=7
includes/bp-redirect-functions.php,72,1,WARNING,WordPress.NamingConventions.PrefixAllGlobals.NonPrefixedFunctionFound,Functions declared in the global namespace by a theme/plugin should start with the theme/plugin prefix. Found: &quot;bp_redirect_get_asset_filename&quot;.,,6,http://localhost:10003/wp-admin/plugin-editor.php?plugin=bp-redirect%2Fbp-redirect.php&file=bp-redirect%2Fincludes%2Fbp-redirect-functions.php&line=72
includes/class-bp-redirect.php,0,0,ERROR,missing_direct_file_access_protection,PHP file should prevent direct access. Add a check like: if ( ! defined( 'ABSPATH' ) ) exit;,https://developer.wordpress.org/plugins/wordpress-org/common-issues/#direct-file-access,6,http://localhost:10003/wp-admin/plugin-editor.php?plugin=bp-redirect%2Fbp-redirect.php&file=bp-redirect%2Fincludes%2Fclass-bp-redirect.php
includes/class-bp-redirect-loader.php,0,0,ERROR,missing_direct_file_access_protection,PHP file should prevent direct access. Add a check like: if ( ! defined( 'ABSPATH' ) ) exit;,https://developer.wordpress.org/plugins/wordpress-org/common-issues/#direct-file-access,6,http://localhost:10003/wp-admin/plugin-editor.php?plugin=bp-redirect%2Fbp-redirect.php&file=bp-redirect%2Fincludes%2Fclass-bp-redirect-loader.php
.gitignore,0,0,WARNING,hidden_files,Hidden files are not permitted.,,8,
public/class-bp-redirect-public.php,109,17,WARNING,WordPress.Security.SafeRedirect.wp_redirect_wp_redirect,"wp_redirect() found. Using wp_safe_redirect(), along with the &quot;allowed_redirect_hosts&quot; filter if needed, can help avoid any chances of malicious redirects within code. It is also important to remember to call exit() after a redirect so that no other unwanted code is executed.",https://developer.wordpress.org/reference/functions/wp_safe_redirect/,5,http://localhost:10003/wp-admin/plugin-editor.php?plugin=bp-redirect%2Fbp-redirect.php&file=bp-redirect%2Fpublic%2Fclass-bp-redirect-public.php&line=109
plugin-update-checker/Puc/v5p5/Metadata.php,46,27,WARNING,WordPress.NamingConventions.PrefixAllGlobals.NonPrefixedHooknameFound,Hook names invoked by a theme/plugin should start with the theme/plugin prefix. Found: &quot;puc_api_error&quot;.,,6,http://localhost:10003/wp-admin/plugin-editor.php?plugin=bp-redirect%2Fbp-redirect.php&file=bp-redirect%2Fplugin-update-checker%2FPuc%2Fv5p5%2FMetadata.php&line=46
plugin-update-checker/Puc/v5p5/Metadata.php,54,27,WARNING,WordPress.NamingConventions.PrefixAllGlobals.NonPrefixedHooknameFound,Hook names invoked by a theme/plugin should start with the theme/plugin prefix. Found: &quot;puc_api_error&quot;.,,6,http://localhost:10003/wp-admin/plugin-editor.php?plugin=bp-redirect%2Fbp-redirect.php&file=bp-redirect%2Fplugin-update-checker%2FPuc%2Fv5p5%2FMetadata.php&line=54
plugin-update-checker/Puc/v5p5/Metadata.php,120,41,WARNING,WordPress.NamingConventions.PrefixAllGlobals.DynamicHooknameFound,Hook names invoked by a theme/plugin should start with the theme/plugin prefix. Found: &quot;$this-&gt;getPrefixedFilter(&#039;retain_fields&#039;) . &#039;-&#039; . $from-&gt;slug&quot;.,,6,http://localhost:10003/wp-admin/plugin-editor.php?plugin=bp-redirect%2Fbp-redirect.php&file=bp-redirect%2Fplugin-update-checker%2FPuc%2Fv5p5%2FMetadata.php&line=120
plugin-update-checker/Puc/v5p5/Vcs/Api.php,100,21,WARNING,WordPress.NamingConventions.PrefixAllGlobals.DynamicHooknameFound,Hook names invoked by a theme/plugin should start with the theme/plugin prefix. Found: &quot;$this-&gt;strategyFilterName&quot;.,,6,http://localhost:10003/wp-admin/plugin-editor.php?plugin=bp-redirect%2Fbp-redirect.php&file=bp-redirect%2Fplugin-update-checker%2FPuc%2Fv5p5%2FVcs%2FApi.php&line=100
plugin-update-checker/Puc/v5p5/Vcs/PluginUpdateChecker.php,67,21,WARNING,WordPress.NamingConventions.PrefixAllGlobals.NonPrefixedHooknameFound,Hook names invoked by a theme/plugin should start with the theme/plugin prefix. Found: &quot;puc_api_error&quot;.,,6,http://localhost:10003/wp-admin/plugin-editor.php?plugin=bp-redirect%2Fbp-redirect.php&file=bp-redirect%2Fplugin-update-checker%2FPuc%2Fv5p5%2FVcs%2FPluginUpdateChecker.php&line=67
plugin-update-checker/Puc/v5p5/Vcs/PluginUpdateChecker.php,93,21,WARNING,WordPress.NamingConventions.PrefixAllGlobals.NonPrefixedHooknameFound,Hook names invoked by a theme/plugin should start with the theme/plugin prefix. Found: &quot;puc_api_error&quot;.,,6,http://localhost:10003/wp-admin/plugin-editor.php?plugin=bp-redirect%2Fbp-redirect.php&file=bp-redirect%2Fplugin-update-checker%2FPuc%2Fv5p5%2FVcs%2FPluginUpdateChecker.php&line=93
plugin-update-checker/Puc/v5p5/Vcs/PluginUpdateChecker.php,125,35,WARNING,WordPress.NamingConventions.PrefixAllGlobals.DynamicHooknameFound,Hook names invoked by a theme/plugin should start with the theme/plugin prefix. Found: &quot;$this-&gt;getUniqueName(&#039;request_info_result&#039;)&quot;.,,6,http://localhost:10003/wp-admin/plugin-editor.php?plugin=bp-redirect%2Fbp-redirect.php&file=bp-redirect%2Fplugin-update-checker%2FPuc%2Fv5p5%2FVcs%2FPluginUpdateChecker.php&line=125
plugin-update-checker/Puc/v5p5/Vcs/ThemeUpdateChecker.php,46,21,WARNING,WordPress.NamingConventions.PrefixAllGlobals.NonPrefixedHooknameFound,Hook names invoked by a theme/plugin should start with the theme/plugin prefix. Found: &quot;puc_api_error&quot;.,,6,http://localhost:10003/wp-admin/plugin-editor.php?plugin=bp-redirect%2Fbp-redirect.php&file=bp-redirect%2Fplugin-update-checker%2FPuc%2Fv5p5%2FVcs%2FThemeUpdateChecker.php&line=46
bp-redirect.php,59,1,WARNING,WordPress.NamingConventions.PrefixAllGlobals.NonPrefixedFunctionFound,Functions declared in the global namespace by a theme/plugin should start with the theme/plugin prefix. Found: &quot;bp_redirect_plugin_init&quot;.,,6,http://localhost:10003/wp-admin/plugin-editor.php?plugin=bp-redirect%2Fbp-redirect.php&file=bp-redirect%2Fbp-redirect.php&line=59
bp-redirect.php,88,1,WARNING,WordPress.NamingConventions.PrefixAllGlobals.NonPrefixedFunctionFound,Functions declared in the global namespace by a theme/plugin should start with the theme/plugin prefix. Found: &quot;bp_redirect_required_plugin_admin_notice&quot;.,,6,http://localhost:10003/wp-admin/plugin-editor.php?plugin=bp-redirect%2Fbp-redirect.php&file=bp-redirect%2Fbp-redirect.php&line=88
bp-redirect.php,99,1,WARNING,WordPress.NamingConventions.PrefixAllGlobals.NonPrefixedFunctionFound,Functions declared in the global namespace by a theme/plugin should start with the theme/plugin prefix. Found: &quot;bp_redirect_check_config&quot;.,,6,http://localhost:10003/wp-admin/plugin-editor.php?plugin=bp-redirect%2Fbp-redirect.php&file=bp-redirect%2Fbp-redirect.php&line=99
bp-redirect.php,159,1,WARNING,WordPress.NamingConventions.PrefixAllGlobals.NonPrefixedFunctionFound,Functions declared in the global namespace by a theme/plugin should start with the theme/plugin prefix. Found: &quot;bp_redirect_same_blog&quot;.,,6,http://localhost:10003/wp-admin/plugin-editor.php?plugin=bp-redirect%2Fbp-redirect.php&file=bp-redirect%2Fbp-redirect.php&line=159
bp-redirect.php,171,1,WARNING,WordPress.NamingConventions.PrefixAllGlobals.NonPrefixedFunctionFound,Functions declared in the global namespace by a theme/plugin should start with the theme/plugin prefix. Found: &quot;bp_redirect_same_network_config&quot;.,,6,http://localhost:10003/wp-admin/plugin-editor.php?plugin=bp-redirect%2Fbp-redirect.php&file=bp-redirect%2Fbp-redirect.php&line=171
bp-redirect.php,183,1,WARNING,WordPress.NamingConventions.PrefixAllGlobals.NonPrefixedFunctionFound,Functions declared in the global namespace by a theme/plugin should start with the theme/plugin prefix. Found: &quot;bp_redirect_plugin_links&quot;.,,6,http://localhost:10003/wp-admin/plugin-editor.php?plugin=bp-redirect%2Fbp-redirect.php&file=bp-redirect%2Fbp-redirect.php&line=183
bp-redirect.php,196,1,WARNING,WordPress.NamingConventions.PrefixAllGlobals.NonPrefixedFunctionFound,Functions declared in the global namespace by a theme/plugin should start with the theme/plugin prefix. Found: &quot;bp_redirect_activate&quot;.,,6,http://localhost:10003/wp-admin/plugin-editor.php?plugin=bp-redirect%2Fbp-redirect.php&file=bp-redirect%2Fbp-redirect.php&line=196
bp-redirect.php,205,1,WARNING,WordPress.NamingConventions.PrefixAllGlobals.NonPrefixedFunctionFound,Functions declared in the global namespace by a theme/plugin should start with the theme/plugin prefix. Found: &quot;bp_redirect_deactivate&quot;.,,6,http://localhost:10003/wp-admin/plugin-editor.php?plugin=bp-redirect%2Fbp-redirect.php&file=bp-redirect%2Fbp-redirect.php&line=205
bp-redirect.php,222,1,WARNING,WordPress.NamingConventions.PrefixAllGlobals.NonPrefixedFunctionFound,Functions declared in the global namespace by a theme/plugin should start with the theme/plugin prefix. Found: &quot;bp_redirect_start_execution&quot;.,,6,http://localhost:10003/wp-admin/plugin-editor.php?plugin=bp-redirect%2Fbp-redirect.php&file=bp-redirect%2Fbp-redirect.php&line=222
bp-redirect.php,234,1,WARNING,WordPress.NamingConventions.PrefixAllGlobals.NonPrefixedFunctionFound,Functions declared in the global namespace by a theme/plugin should start with the theme/plugin prefix. Found: &quot;bp_redirect_activation_redirect_settings&quot;.,,6,http://localhost:10003/wp-admin/plugin-editor.php?plugin=bp-redirect%2Fbp-redirect.php&file=bp-redirect%2Fbp-redirect.php&line=234
admin/partials/bp-redirect-user-role-tab.php,20,9,WARNING,WordPress.NamingConventions.PrefixAllGlobals.NonPrefixedVariableFound,Global variables defined by a theme/plugin should start with the theme/plugin prefix. Found: &quot;$spinner_src&quot;.,,6,http://localhost:10003/wp-admin/plugin-editor.php?plugin=bp-redirect%2Fbp-redirect.php&file=bp-redirect%2Fadmin%2Fpartials%2Fbp-redirect-user-role-tab.php&line=20
admin/partials/bp-redirect-user-role-tab.php,21,9,WARNING,WordPress.NamingConventions.PrefixAllGlobals.NonPrefixedVariableFound,Global variables defined by a theme/plugin should start with the theme/plugin prefix. Found: &quot;$saved_setting&quot;.,,6,http://localhost:10003/wp-admin/plugin-editor.php?plugin=bp-redirect%2Fbp-redirect.php&file=bp-redirect%2Fadmin%2Fpartials%2Fbp-redirect-user-role-tab.php&line=21
admin/partials/bp-redirect-user-role-tab.php,22,9,WARNING,WordPress.NamingConventions.PrefixAllGlobals.NonPrefixedVariableFound,Global variables defined by a theme/plugin should start with the theme/plugin prefix. Found: &quot;$bp_pages&quot;.,,6,http://localhost:10003/wp-admin/plugin-editor.php?plugin=bp-redirect%2Fbp-redirect.php&file=bp-redirect%2Fadmin%2Fpartials%2Fbp-redirect-user-role-tab.php&line=22
admin/partials/bp-redirect-user-role-tab.php,24,9,WARNING,WordPress.NamingConventions.PrefixAllGlobals.NonPrefixedVariableFound,Global variables defined by a theme/plugin should start with the theme/plugin prefix. Found: &quot;$bp_pages_ids&quot;.,,6,http://localhost:10003/wp-admin/plugin-editor.php?plugin=bp-redirect%2Fbp-redirect.php&file=bp-redirect%2Fadmin%2Fpartials%2Fbp-redirect-user-role-tab.php&line=24
admin/partials/bp-redirect-user-role-tab.php,25,9,WARNING,WordPress.NamingConventions.PrefixAllGlobals.NonPrefixedVariableFound,Global variables defined by a theme/plugin should start with the theme/plugin prefix. Found: &quot;$login_sequence&quot;.,,6,http://localhost:10003/wp-admin/plugin-editor.php?plugin=bp-redirect%2Fbp-redirect.php&file=bp-redirect%2Fadmin%2Fpartials%2Fbp-redirect-user-role-tab.php&line=25
admin/partials/bp-redirect-user-role-tab.php,29,9,WARNING,WordPress.NamingConventions.PrefixAllGlobals.NonPrefixedVariableFound,Global variables defined by a theme/plugin should start with the theme/plugin prefix. Found: &quot;$seq&quot;.,,6,http://localhost:10003/wp-admin/plugin-editor.php?plugin=bp-redirect%2Fbp-redirect.php&file=bp-redirect%2Fadmin%2Fpartials%2Fbp-redirect-user-role-tab.php&line=29
admin/partials/bp-redirect-user-role-tab.php,30,27,WARNING,WordPress.NamingConventions.PrefixAllGlobals.NonPrefixedVariableFound,Global variables defined by a theme/plugin should start with the theme/plugin prefix. Found: &quot;$key&quot;.,,6,http://localhost:10003/wp-admin/plugin-editor.php?plugin=bp-redirect%2Fbp-redirect.php&file=bp-redirect%2Fadmin%2Fpartials%2Fbp-redirect-user-role-tab.php&line=30
admin/partials/bp-redirect-user-role-tab.php,30,35,WARNING,WordPress.NamingConventions.PrefixAllGlobals.NonPrefixedVariableFound,Global variables defined by a theme/plugin should start with the theme/plugin prefix. Found: &quot;$val&quot;.,,6,http://localhost:10003/wp-admin/plugin-editor.php?plugin=bp-redirect%2Fbp-redirect.php&file=bp-redirect%2Fadmin%2Fpartials%2Fbp-redirect-user-role-tab.php&line=30
admin/partials/bp-redirect-user-role-tab.php,32,17,WARNING,WordPress.NamingConventions.PrefixAllGlobals.NonPrefixedVariableFound,Global variables defined by a theme/plugin should start with the theme/plugin prefix. Found: &quot;$val_arr&quot;.,,6,http://localhost:10003/wp-admin/plugin-editor.php?plugin=bp-redirect%2Fbp-redirect.php&file=bp-redirect%2Fadmin%2Fpartials%2Fbp-redirect-user-role-tab.php&line=32
admin/partials/bp-redirect-user-role-tab.php,33,17,WARNING,WordPress.NamingConventions.PrefixAllGlobals.NonPrefixedVariableFound,Global variables defined by a theme/plugin should start with the theme/plugin prefix. Found: &quot;$seq&quot;.,,6,http://localhost:10003/wp-admin/plugin-editor.php?plugin=bp-redirect%2Fbp-redirect.php&file=bp-redirect%2Fadmin%2Fpartials%2Fbp-redirect-user-role-tab.php&line=33
admin/partials/bp-redirect-user-role-tab.php,38,9,WARNING,WordPress.NamingConventions.PrefixAllGlobals.NonPrefixedVariableFound,Global variables defined by a theme/plugin should start with the theme/plugin prefix. Found: &quot;$logout_sequence&quot;.,,6,http://localhost:10003/wp-admin/plugin-editor.php?plugin=bp-redirect%2Fbp-redirect.php&file=bp-redirect%2Fadmin%2Fpartials%2Fbp-redirect-user-role-tab.php&line=38
admin/partials/bp-redirect-user-role-tab.php,41,9,WARNING,WordPress.NamingConventions.PrefixAllGlobals.NonPrefixedVariableFound,Global variables defined by a theme/plugin should start with the theme/plugin prefix. Found: &quot;$logoutseq&quot;.,,6,http://localhost:10003/wp-admin/plugin-editor.php?plugin=bp-redirect%2Fbp-redirect.php&file=bp-redirect%2Fadmin%2Fpartials%2Fbp-redirect-user-role-tab.php&line=41
admin/partials/bp-redirect-user-role-tab.php,42,33,WARNING,WordPress.NamingConventions.PrefixAllGlobals.NonPrefixedVariableFound,Global variables defined by a theme/plugin should start with the theme/plugin prefix. Found: &quot;$key&quot;.,,6,http://localhost:10003/wp-admin/plugin-editor.php?plugin=bp-redirect%2Fbp-redirect.php&file=bp-redirect%2Fadmin%2Fpartials%2Fbp-redirect-user-role-tab.php&line=42
admin/partials/bp-redirect-user-role-tab.php,42,41,WARNING,WordPress.NamingConventions.PrefixAllGlobals.NonPrefixedVariableFound,Global variables defined by a theme/plugin should start with the theme/plugin prefix. Found: &quot;$val&quot;.,,6,http://localhost:10003/wp-admin/plugin-editor.php?plugin=bp-redirect%2Fbp-redirect.php&file=bp-redirect%2Fadmin%2Fpartials%2Fbp-redirect-user-role-tab.php&line=42
admin/partials/bp-redirect-user-role-tab.php,43,17,WARNING,WordPress.NamingConventions.PrefixAllGlobals.NonPrefixedVariableFound,Global variables defined by a theme/plugin should start with the theme/plugin prefix. Found: &quot;$val_arr&quot;.,,6,http://localhost:10003/wp-admin/plugin-editor.php?plugin=bp-redirect%2Fbp-redirect.php&file=bp-redirect%2Fadmin%2Fpartials%2Fbp-redirect-user-role-tab.php&line=43
admin/partials/bp-redirect-user-role-tab.php,44,17,WARNING,WordPress.NamingConventions.PrefixAllGlobals.NonPrefixedVariableFound,Global variables defined by a theme/plugin should start with the theme/plugin prefix. Found: &quot;$logoutseq&quot;.,,6,http://localhost:10003/wp-admin/plugin-editor.php?plugin=bp-redirect%2Fbp-redirect.php&file=bp-redirect%2Fadmin%2Fpartials%2Fbp-redirect-user-role-tab.php&line=44
admin/partials/bp-redirect-global-page.php,20,9,WARNING,WordPress.NamingConventions.PrefixAllGlobals.NonPrefixedVariableFound,Global variables defined by a theme/plugin should start with the theme/plugin prefix. Found: &quot;$spinner_src&quot;.,,6,http://localhost:10003/wp-admin/plugin-editor.php?plugin=bp-redirect%2Fbp-redirect.php&file=bp-redirect%2Fadmin%2Fpartials%2Fbp-redirect-global-page.php&line=20
admin/partials/bp-redirect-global-page.php,22,9,WARNING,WordPress.NamingConventions.PrefixAllGlobals.NonPrefixedVariableFound,Global variables defined by a theme/plugin should start with the theme/plugin prefix. Found: &quot;$saved_setting&quot;.,,6,http://localhost:10003/wp-admin/plugin-editor.php?plugin=bp-redirect%2Fbp-redirect.php&file=bp-redirect%2Fadmin%2Fpartials%2Fbp-redirect-global-page.php&line=22
admin/partials/bp-redirect-global-page.php,23,9,WARNING,WordPress.NamingConventions.PrefixAllGlobals.NonPrefixedVariableFound,Global variables defined by a theme/plugin should start with the theme/plugin prefix. Found: &quot;$bp_pages&quot;.,,6,http://localhost:10003/wp-admin/plugin-editor.php?plugin=bp-redirect%2Fbp-redirect.php&file=bp-redirect%2Fadmin%2Fpartials%2Fbp-redirect-global-page.php&line=23
admin/partials/bp-redirect-global-page.php,24,9,WARNING,WordPress.NamingConventions.PrefixAllGlobals.NonPrefixedVariableFound,Global variables defined by a theme/plugin should start with the theme/plugin prefix. Found: &quot;$bp_pages_ids&quot;.,,6,http://localhost:10003/wp-admin/plugin-editor.php?plugin=bp-redirect%2Fbp-redirect.php&file=bp-redirect%2Fadmin%2Fpartials%2Fbp-redirect-global-page.php&line=24
admin/partials/bp-redirect-global-page.php,26,9,WARNING,WordPress.NamingConventions.PrefixAllGlobals.NonPrefixedVariableFound,Global variables defined by a theme/plugin should start with the theme/plugin prefix. Found: &quot;$login_sequence&quot;.,,6,http://localhost:10003/wp-admin/plugin-editor.php?plugin=bp-redirect%2Fbp-redirect.php&file=bp-redirect%2Fadmin%2Fpartials%2Fbp-redirect-global-page.php&line=26
admin/partials/bp-redirect-global-page.php,30,9,WARNING,WordPress.NamingConventions.PrefixAllGlobals.NonPrefixedVariableFound,Global variables defined by a theme/plugin should start with the theme/plugin prefix. Found: &quot;$seq&quot;.,,6,http://localhost:10003/wp-admin/plugin-editor.php?plugin=bp-redirect%2Fbp-redirect.php&file=bp-redirect%2Fadmin%2Fpartials%2Fbp-redirect-global-page.php&line=30
admin/partials/bp-redirect-global-page.php,32,27,WARNING,WordPress.NamingConventions.PrefixAllGlobals.NonPrefixedVariableFound,Global variables defined by a theme/plugin should start with the theme/plugin prefix. Found: &quot;$key&quot;.,,6,http://localhost:10003/wp-admin/plugin-editor.php?plugin=bp-redirect%2Fbp-redirect.php&file=bp-redirect%2Fadmin%2Fpartials%2Fbp-redirect-global-page.php&line=32
admin/partials/bp-redirect-global-page.php,32,35,WARNING,WordPress.NamingConventions.PrefixAllGlobals.NonPrefixedVariableFound,Global variables defined by a theme/plugin should start with the theme/plugin prefix. Found: &quot;$val&quot;.,,6,http://localhost:10003/wp-admin/plugin-editor.php?plugin=bp-redirect%2Fbp-redirect.php&file=bp-redirect%2Fadmin%2Fpartials%2Fbp-redirect-global-page.php&line=32
admin/partials/bp-redirect-global-page.php,33,17,WARNING,WordPress.NamingConventions.PrefixAllGlobals.NonPrefixedVariableFound,Global variables defined by a theme/plugin should start with the theme/plugin prefix. Found: &quot;$val_arr&quot;.,,6,http://localhost:10003/wp-admin/plugin-editor.php?plugin=bp-redirect%2Fbp-redirect.php&file=bp-redirect%2Fadmin%2Fpartials%2Fbp-redirect-global-page.php&line=33
admin/partials/bp-redirect-global-page.php,34,17,WARNING,WordPress.NamingConventions.PrefixAllGlobals.NonPrefixedVariableFound,Global variables defined by a theme/plugin should start with the theme/plugin prefix. Found: &quot;$seq&quot;.,,6,http://localhost:10003/wp-admin/plugin-editor.php?plugin=bp-redirect%2Fbp-redirect.php&file=bp-redirect%2Fadmin%2Fpartials%2Fbp-redirect-global-page.php&line=34
admin/partials/bp-redirect-global-page.php,39,1,WARNING,WordPress.NamingConventions.PrefixAllGlobals.NonPrefixedVariableFound,Global variables defined by a theme/plugin should start with the theme/plugin prefix. Found: &quot;$logout_sequence&quot;.,,6,http://localhost:10003/wp-admin/plugin-editor.php?plugin=bp-redirect%2Fbp-redirect.php&file=bp-redirect%2Fadmin%2Fpartials%2Fbp-redirect-global-page.php&line=39
admin/partials/bp-redirect-global-page.php,42,9,WARNING,WordPress.NamingConventions.PrefixAllGlobals.NonPrefixedVariableFound,Global variables defined by a theme/plugin should start with the theme/plugin prefix. Found: &quot;$logoutseq&quot;.,,6,http://localhost:10003/wp-admin/plugin-editor.php?plugin=bp-redirect%2Fbp-redirect.php&file=bp-redirect%2Fadmin%2Fpartials%2Fbp-redirect-global-page.php&line=42
admin/partials/bp-redirect-global-page.php,43,33,WARNING,WordPress.NamingConventions.PrefixAllGlobals.NonPrefixedVariableFound,Global variables defined by a theme/plugin should start with the theme/plugin prefix. Found: &quot;$key&quot;.,,6,http://localhost:10003/wp-admin/plugin-editor.php?plugin=bp-redirect%2Fbp-redirect.php&file=bp-redirect%2Fadmin%2Fpartials%2Fbp-redirect-global-page.php&line=43
admin/partials/bp-redirect-global-page.php,43,41,WARNING,WordPress.NamingConventions.PrefixAllGlobals.NonPrefixedVariableFound,Global variables defined by a theme/plugin should start with the theme/plugin prefix. Found: &quot;$val&quot;.,,6,http://localhost:10003/wp-admin/plugin-editor.php?plugin=bp-redirect%2Fbp-redirect.php&file=bp-redirect%2Fadmin%2Fpartials%2Fbp-redirect-global-page.php&line=43
admin/partials/bp-redirect-global-page.php,44,17,WARNING,WordPress.NamingConventions.PrefixAllGlobals.NonPrefixedVariableFound,Global variables defined by a theme/plugin should start with the theme/plugin prefix. Found: &quot;$val_arr&quot;.,,6,http://localhost:10003/wp-admin/plugin-editor.php?plugin=bp-redirect%2Fbp-redirect.php&file=bp-redirect%2Fadmin%2Fpartials%2Fbp-redirect-global-page.php&line=44
admin/partials/bp-redirect-global-page.php,45,17,WARNING,WordPress.NamingConventions.PrefixAllGlobals.NonPrefixedVariableFound,Global variables defined by a theme/plugin should start with the theme/plugin prefix. Found: &quot;$logoutseq&quot;.,,6,http://localhost:10003/wp-admin/plugin-editor.php?plugin=bp-redirect%2Fbp-redirect.php&file=bp-redirect%2Fadmin%2Fpartials%2Fbp-redirect-global-page.php&line=45
admin/partials/bp-redirect-member-type-tab.php,18,5,WARNING,WordPress.NamingConventions.PrefixAllGlobals.NonPrefixedVariableFound,Global variables defined by a theme/plugin should start with the theme/plugin prefix. Found: &quot;$terms&quot;.,,6,http://localhost:10003/wp-admin/plugin-editor.php?plugin=bp-redirect%2Fbp-redirect.php&file=bp-redirect%2Fadmin%2Fpartials%2Fbp-redirect-member-type-tab.php&line=18
admin/partials/bp-redirect-member-type-tab.php,25,5,WARNING,WordPress.NamingConventions.PrefixAllGlobals.NonPrefixedVariableFound,Global variables defined by a theme/plugin should start with the theme/plugin prefix. Found: &quot;$member_types&quot;.,,6,http://localhost:10003/wp-admin/plugin-editor.php?plugin=bp-redirect%2Fbp-redirect.php&file=bp-redirect%2Fadmin%2Fpartials%2Fbp-redirect-member-type-tab.php&line=25
admin/partials/bp-redirect-member-type-tab.php,26,25,WARNING,WordPress.NamingConventions.PrefixAllGlobals.NonPrefixedVariableFound,Global variables defined by a theme/plugin should start with the theme/plugin prefix. Found: &quot;$key&quot;.,,6,http://localhost:10003/wp-admin/plugin-editor.php?plugin=bp-redirect%2Fbp-redirect.php&file=bp-redirect%2Fadmin%2Fpartials%2Fbp-redirect-member-type-tab.php&line=26
admin/partials/bp-redirect-member-type-tab.php,26,33,WARNING,WordPress.NamingConventions.PrefixAllGlobals.NonPrefixedVariableFound,Global variables defined by a theme/plugin should start with the theme/plugin prefix. Found: &quot;$tm&quot;.,,6,http://localhost:10003/wp-admin/plugin-editor.php?plugin=bp-redirect%2Fbp-redirect.php&file=bp-redirect%2Fadmin%2Fpartials%2Fbp-redirect-member-type-tab.php&line=26
admin/partials/bp-redirect-member-type-tab.php,27,9,WARNING,WordPress.NamingConventions.PrefixAllGlobals.NonPrefixedVariableFound,Global variables defined by a theme/plugin should start with the theme/plugin prefix. Found: &quot;$temp&quot;.,,6,http://localhost:10003/wp-admin/plugin-editor.php?plugin=bp-redirect%2Fbp-redirect.php&file=bp-redirect%2Fadmin%2Fpartials%2Fbp-redirect-member-type-tab.php&line=27
admin/partials/bp-redirect-member-type-tab.php,28,9,WARNING,WordPress.NamingConventions.PrefixAllGlobals.NonPrefixedVariableFound,Global variables defined by a theme/plugin should start with the theme/plugin prefix. Found: &quot;$temp&quot;.,,6,http://localhost:10003/wp-admin/plugin-editor.php?plugin=bp-redirect%2Fbp-redirect.php&file=bp-redirect%2Fadmin%2Fpartials%2Fbp-redirect-member-type-tab.php&line=28
admin/partials/bp-redirect-member-type-tab.php,29,9,WARNING,WordPress.NamingConventions.PrefixAllGlobals.NonPrefixedVariableFound,Global variables defined by a theme/plugin should start with the theme/plugin prefix. Found: &quot;$temp&quot;.,,6,http://localhost:10003/wp-admin/plugin-editor.php?plugin=bp-redirect%2Fbp-redirect.php&file=bp-redirect%2Fadmin%2Fpartials%2Fbp-redirect-member-type-tab.php&line=29
admin/partials/bp-redirect-member-type-tab.php,30,9,WARNING,WordPress.NamingConventions.PrefixAllGlobals.NonPrefixedVariableFound,Global variables defined by a theme/plugin should start with the theme/plugin prefix. Found: &quot;$member_types&quot;.,,6,http://localhost:10003/wp-admin/plugin-editor.php?plugin=bp-redirect%2Fbp-redirect.php&file=bp-redirect%2Fadmin%2Fpartials%2Fbp-redirect-member-type-tab.php&line=30
admin/partials/bp-redirect-member-type-tab.php,34,5,WARNING,WordPress.NamingConventions.PrefixAllGlobals.NonPrefixedVariableFound,Global variables defined by a theme/plugin should start with the theme/plugin prefix. Found: &quot;$spinner_src&quot;.,,6,http://localhost:10003/wp-admin/plugin-editor.php?plugin=bp-redirect%2Fbp-redirect.php&file=bp-redirect%2Fadmin%2Fpartials%2Fbp-redirect-member-type-tab.php&line=34
admin/partials/bp-redirect-member-type-tab.php,36,9,WARNING,WordPress.NamingConventions.PrefixAllGlobals.NonPrefixedVariableFound,Global variables defined by a theme/plugin should start with the theme/plugin prefix. Found: &quot;$saved_setting&quot;.,,6,http://localhost:10003/wp-admin/plugin-editor.php?plugin=bp-redirect%2Fbp-redirect.php&file=bp-redirect%2Fadmin%2Fpartials%2Fbp-redirect-member-type-tab.php&line=36
admin/partials/bp-redirect-member-type-tab.php,37,9,WARNING,WordPress.NamingConventions.PrefixAllGlobals.NonPrefixedVariableFound,Global variables defined by a theme/plugin should start with the theme/plugin prefix. Found: &quot;$bp_pages&quot;.,,6,http://localhost:10003/wp-admin/plugin-editor.php?plugin=bp-redirect%2Fbp-redirect.php&file=bp-redirect%2Fadmin%2Fpartials%2Fbp-redirect-member-type-tab.php&line=37
admin/partials/bp-redirect-member-type-tab.php,39,9,WARNING,WordPress.NamingConventions.PrefixAllGlobals.NonPrefixedVariableFound,Global variables defined by a theme/plugin should start with the theme/plugin prefix. Found: &quot;$saved_setting&quot;.,,6,http://localhost:10003/wp-admin/plugin-editor.php?plugin=bp-redirect%2Fbp-redirect.php&file=bp-redirect%2Fadmin%2Fpartials%2Fbp-redirect-member-type-tab.php&line=39
admin/partials/bp-redirect-member-type-tab.php,40,9,WARNING,WordPress.NamingConventions.PrefixAllGlobals.NonPrefixedVariableFound,Global variables defined by a theme/plugin should start with the theme/plugin prefix. Found: &quot;$bp_pages&quot;.,,6,http://localhost:10003/wp-admin/plugin-editor.php?plugin=bp-redirect%2Fbp-redirect.php&file=bp-redirect%2Fadmin%2Fpartials%2Fbp-redirect-member-type-tab.php&line=40
admin/partials/bp-redirect-member-type-tab.php,42,5,WARNING,WordPress.NamingConventions.PrefixAllGlobals.NonPrefixedVariableFound,Global variables defined by a theme/plugin should start with the theme/plugin prefix. Found: &quot;$bp_pages_ids&quot;.,,6,http://localhost:10003/wp-admin/plugin-editor.php?plugin=bp-redirect%2Fbp-redirect.php&file=bp-redirect%2Fadmin%2Fpartials%2Fbp-redirect-member-type-tab.php&line=42
admin/partials/bp-redirect-member-type-tab.php,43,5,WARNING,WordPress.NamingConventions.PrefixAllGlobals.NonPrefixedVariableFound,Global variables defined by a theme/plugin should start with the theme/plugin prefix. Found: &quot;$login_sequence&quot;.,,6,http://localhost:10003/wp-admin/plugin-editor.php?plugin=bp-redirect%2Fbp-redirect.php&file=bp-redirect%2Fadmin%2Fpartials%2Fbp-redirect-member-type-tab.php&line=43
admin/partials/bp-redirect-member-type-tab.php,47,13,WARNING,WordPress.NamingConventions.PrefixAllGlobals.NonPrefixedVariableFound,Global variables defined by a theme/plugin should start with the theme/plugin prefix. Found: &quot;$seq&quot;.,,6,http://localhost:10003/wp-admin/plugin-editor.php?plugin=bp-redirect%2Fbp-redirect.php&file=bp-redirect%2Fadmin%2Fpartials%2Fbp-redirect-member-type-tab.php&line=47
admin/partials/bp-redirect-member-type-tab.php,48,31,WARNING,WordPress.NamingConventions.PrefixAllGlobals.NonPrefixedVariableFound,Global variables defined by a theme/plugin should start with the theme/plugin prefix. Found: &quot;$key&quot;.,,6,http://localhost:10003/wp-admin/plugin-editor.php?plugin=bp-redirect%2Fbp-redirect.php&file=bp-redirect%2Fadmin%2Fpartials%2Fbp-redirect-member-type-tab.php&line=48
admin/partials/bp-redirect-member-type-tab.php,48,39,WARNING,WordPress.NamingConventions.PrefixAllGlobals.NonPrefixedVariableFound,Global variables defined by a theme/plugin should start with the theme/plugin prefix. Found: &quot;$val&quot;.,,6,http://localhost:10003/wp-admin/plugin-editor.php?plugin=bp-redirect%2Fbp-redirect.php&file=bp-redirect%2Fadmin%2Fpartials%2Fbp-redirect-member-type-tab.php&line=48
admin/partials/bp-redirect-member-type-tab.php,49,17,WARNING,WordPress.NamingConventions.PrefixAllGlobals.NonPrefixedVariableFound,Global variables defined by a theme/plugin should start with the theme/plugin prefix. Found: &quot;$val_arr&quot;.,,6,http://localhost:10003/wp-admin/plugin-editor.php?plugin=bp-redirect%2Fbp-redirect.php&file=bp-redirect%2Fadmin%2Fpartials%2Fbp-redirect-member-type-tab.php&line=49
admin/partials/bp-redirect-member-type-tab.php,50,17,WARNING,WordPress.NamingConventions.PrefixAllGlobals.NonPrefixedVariableFound,Global variables defined by a theme/plugin should start with the theme/plugin prefix. Found: &quot;$seq&quot;.,,6,http://localhost:10003/wp-admin/plugin-editor.php?plugin=bp-redirect%2Fbp-redirect.php&file=bp-redirect%2Fadmin%2Fpartials%2Fbp-redirect-member-type-tab.php&line=50
admin/partials/bp-redirect-member-type-tab.php,55,5,WARNING,WordPress.NamingConventions.PrefixAllGlobals.NonPrefixedVariableFound,Global variables defined by a theme/plugin should start with the theme/plugin prefix. Found: &quot;$logout_sequence&quot;.,,6,http://localhost:10003/wp-admin/plugin-editor.php?plugin=bp-redirect%2Fbp-redirect.php&file=bp-redirect%2Fadmin%2Fpartials%2Fbp-redirect-member-type-tab.php&line=55
admin/partials/bp-redirect-member-type-tab.php,58,13,WARNING,WordPress.NamingConventions.PrefixAllGlobals.NonPrefixedVariableFound,Global variables defined by a theme/plugin should start with the theme/plugin prefix. Found: &quot;$logoutseq&quot;.,,6,http://localhost:10003/wp-admin/plugin-editor.php?plugin=bp-redirect%2Fbp-redirect.php&file=bp-redirect%2Fadmin%2Fpartials%2Fbp-redirect-member-type-tab.php&line=58
admin/partials/bp-redirect-member-type-tab.php,59,37,WARNING,WordPress.NamingConventions.PrefixAllGlobals.NonPrefixedVariableFound,Global variables defined by a theme/plugin should start with the theme/plugin prefix. Found: &quot;$key&quot;.,,6,http://localhost:10003/wp-admin/plugin-editor.php?plugin=bp-redirect%2Fbp-redirect.php&file=bp-redirect%2Fadmin%2Fpartials%2Fbp-redirect-member-type-tab.php&line=59
admin/partials/bp-redirect-member-type-tab.php,59,45,WARNING,WordPress.NamingConventions.PrefixAllGlobals.NonPrefixedVariableFound,Global variables defined by a theme/plugin should start with the theme/plugin prefix. Found: &quot;$val&quot;.,,6,http://localhost:10003/wp-admin/plugin-editor.php?plugin=bp-redirect%2Fbp-redirect.php&file=bp-redirect%2Fadmin%2Fpartials%2Fbp-redirect-member-type-tab.php&line=59
admin/partials/bp-redirect-member-type-tab.php,60,17,WARNING,WordPress.NamingConventions.PrefixAllGlobals.NonPrefixedVariableFound,Global variables defined by a theme/plugin should start with the theme/plugin prefix. Found: &quot;$val_arr&quot;.,,6,http://localhost:10003/wp-admin/plugin-editor.php?plugin=bp-redirect%2Fbp-redirect.php&file=bp-redirect%2Fadmin%2Fpartials%2Fbp-redirect-member-type-tab.php&line=60
admin/partials/bp-redirect-member-type-tab.php,61,17,WARNING,WordPress.NamingConventions.PrefixAllGlobals.NonPrefixedVariableFound,Global variables defined by a theme/plugin should start with the theme/plugin prefix. Found: &quot;$logoutseq&quot;.,,6,http://localhost:10003/wp-admin/plugin-editor.php?plugin=bp-redirect%2Fbp-redirect.php&file=bp-redirect%2Fadmin%2Fpartials%2Fbp-redirect-member-type-tab.php&line=61
includes/class-bp-redirect-activator.php,22,1,WARNING,WordPress.NamingConventions.PrefixAllGlobals.NonPrefixedClassFound,Classes declared by a theme/plugin should start with the theme/plugin prefix. Found: &quot;BP_Redirect_Activator&quot;.,,6,http://localhost:10003/wp-admin/plugin-editor.php?plugin=bp-redirect%2Fbp-redirect.php&file=bp-redirect%2Fincludes%2Fclass-bp-redirect-activator.php&line=22
includes/class-bp-redirect-deactivator.php,22,1,WARNING,WordPress.NamingConventions.PrefixAllGlobals.NonPrefixedClassFound,Classes declared by a theme/plugin should start with the theme/plugin prefix. Found: &quot;BP_Redirect_Deactivator&quot;.,,6,http://localhost:10003/wp-admin/plugin-editor.php?plugin=bp-redirect%2Fbp-redirect.php&file=bp-redirect%2Fincludes%2Fclass-bp-redirect-deactivator.php&line=22
